State-Name,State-Abbreviation,Metro-Name,Regular,Mid-Grade,Premium,Diesel,Currency,Unit,Date
Alaska,AK,Anchorage,4.7746,5.0945,5.3144,5.4944,U.S Dollar,US Gallon,2026-08-20
Alaska,AK,Fairbanks,4.7243,4.9977,5.2066,5.4272,U.S Dollar,US Gallon,2026-08-20
Alaska,AK,Juneau,4.7545,4.763,4.8723,5.779,U.S Dollar,US Gallon,2026-08-20
Alabama,AL,Anniston-Oxford,3.757,4.1533,4.6104,5.2701,U.S Dollar,US Gallon,2026-08-20
Alabama,AL,Auburn,3.7498,4.181,4.6355,5.3129,U.S Dollar,US Gallon,2026-08-20
Alabama,AL,Birmingham,3.7365,4.2323,4.6521,5.3315,U.S Dollar,US Gallon,2026-08-20
Alabama,AL,Daphne-Fairhope-Foley,3.7397,4.2442,4.6228,5.3816,U.S Dollar,US Gallon,2026-08-20
Alabama,AL,Decatur,3.6993,4.1652,4.5299,5.2366,U.S Dollar,US Gallon,2026-08-20
Alabama,AL,Dothan,3.7798,4.2449,4.6695,5.4071,U.S Dollar,US Gallon,2026-08-20
Alabama,AL,Florence-Muscle Shoals,3.768,4.2226,4.5702,5.2694,U.S Dollar,US Gallon,2026-08-20
Alabama,AL,Gadsden,3.7391,4.1909,4.6271,5.2016,U.S Dollar,US Gallon,2026-08-20
Alabama,AL,Huntsville,3.7354,4.2244,4.5592,5.242,U.S Dollar,US Gallon,2026-08-20
Alabama,AL,Mobile,3.7267,4.2203,4.6129,5.3948,U.S Dollar,US Gallon,2026-08-20
Alabama,AL,Montgomery,3.7735,4.2666,4.6881,5.2932,U.S Dollar,US Gallon,2026-08-20
Alabama,AL,Russell County,3.7656,4.2633,4.7496,5.3001,U.S Dollar,US Gallon,2026-08-20
Alabama,AL,Tuscaloosa,3.6882,4.1379,4.5973,5.2754,U.S Dollar,US Gallon,2026-08-20
Arkansas,AR,Fayetteville-Springdale-Rogers,3.9339,4.3789,4.624,5.2184,U.S Dollar,US Gallon,2026-08-20
Arkansas,AR,Fort Smith (AR only),3.812,4.3162,4.6548,5.1916,U.S Dollar,US Gallon,2026-08-20
Arkansas,AR,Hot Springs,3.6708,4.2801,4.6753,5.1567,U.S Dollar,US Gallon,2026-08-20
Arkansas,AR,Jonesboro,3.7638,4.2146,4.6819,5.2794,U.S Dollar,US Gallon,2026-08-20
Arkansas,AR,Little Rock-North Little Rock,3.7527,4.2428,4.6273,5.2057,U.S Dollar,US Gallon,2026-08-20
Arkansas,AR,Pine Bluff,3.6895,4.2167,4.6434,5.2434,U.S Dollar,US Gallon,2026-08-20
Arkansas,AR,Texarkana (AR only),3.7057,4.2708,4.6915,5.2621,U.S Dollar,US Gallon,2026-08-20
Arkansas,AR,West Memphis,3.7566,4.289,4.7634,5.3269,U.S Dollar,US Gallon,2026-08-20
Arizona,AZ,East Valley,4.5463,4.9432,5.246,5.7875,U.S Dollar,US Gallon,2026-08-20
Arizona,AZ,Flagstaff,4.4842,4.761,5.1481,5.6976,U.S Dollar,US Gallon,2026-08-20
Arizona,AZ,Glendale,4.5485,4.9842,5.2888,5.8203,U.S Dollar,US Gallon,2026-08-20
Arizona,AZ,Lake Havasu-Kingman,4.3621,4.6752,4.9818,5.7735,U.S Dollar,US Gallon,2026-08-20
Arizona,AZ,Peoria,4.5368,4.9228,5.2761,5.8527,U.S Dollar,US Gallon,2026-08-20
Arizona,AZ,Phoenix Proper,4.54,4.9474,5.2646,5.8209,U.S Dollar,US Gallon,2026-08-20
Arizona,AZ,Phoenix-Mesa,4.5302,4.9364,5.2466,5.8043,U.S Dollar,US Gallon,2026-08-20
Arizona,AZ,Pima County,4.3805,4.7691,5.0621,5.5964,U.S Dollar,US Gallon,2026-08-20
Arizona,AZ,Prescott,4.4331,4.7224,5.0634,5.6863,U.S Dollar,US Gallon,2026-08-20
Arizona,AZ,Scottsdale,4.5824,4.9479,5.2678,5.8036,U.S Dollar,US Gallon,2026-08-20
Arizona,AZ,Sierra Vista-Douglas,4.3708,4.7214,5.0228,5.6678,U.S Dollar,US Gallon,2026-08-20
Arizona,AZ,Tucson,4.3766,4.7683,5.0613,5.5954,U.S Dollar,US Gallon,2026-08-20
Arizona,AZ,West Valley,4.5234,4.9493,5.2742,5.8205,U.S Dollar,US Gallon,2026-08-20
Arizona,AZ,Yuma,4.4115,4.6906,5.0181,5.7912,U.S Dollar,US Gallon,2026-08-20
California,CA,Bakersfield,5.6464,5.9008,6.084,6.9046,U.S Dollar,US Gallon,2026-08-20
California,CA,Chico-Paradise,5.3535,5.6225,5.7917,6.6728,U.S Dollar,US Gallon,2026-08-20
California,CA,El Centro,5.3554,5.5482,5.7711,6.939,U.S Dollar,US Gallon,2026-08-20
California,CA,Fresno,5.5146,5.7644,5.9543,6.9566,U.S Dollar,US Gallon,2026-08-20
California,CA,Hanford-Corcoran,5.4663,5.7381,5.9035,6.8542,U.S Dollar,US Gallon,2026-08-20
California,CA,Los Angeles-Long Beach,5.6485,5.8641,6.0443,7.1765,U.S Dollar,US Gallon,2026-08-20
California,CA,Madera-Chowchilla,5.594,5.9,6.0964,6.8569,U.S Dollar,US Gallon,2026-08-20
California,CA,Merced,5.4894,5.8495,6.0678,7.1565,U.S Dollar,US Gallon,2026-08-20
California,CA,Modesto,5.3933,5.6644,5.909,6.8772,U.S Dollar,US Gallon,2026-08-20
California,CA,Napa,5.7401,5.9054,6.1061,7.1078,U.S Dollar,US Gallon,2026-08-20
California,CA,Oakland,5.5798,5.8339,6.0355,7.0481,U.S Dollar,US Gallon,2026-08-20
California,CA,Orange County,5.5926,5.8228,5.9902,7.0902,U.S Dollar,US Gallon,2026-08-20
California,CA,Redding,5.4135,5.5664,5.7281,6.7593,U.S Dollar,US Gallon,2026-08-20
California,CA,Riverside,5.5358,5.779,5.9642,7.0937,U.S Dollar,US Gallon,2026-08-20
California,CA,Sacramento,5.5096,5.7642,5.9736,6.9135,U.S Dollar,US Gallon,2026-08-20
California,CA,Salinas,5.7369,5.8937,6.0914,7.0414,U.S Dollar,US Gallon,2026-08-20
California,CA,San Bernardino,5.5565,5.7814,5.9617,7.0892,U.S Dollar,US Gallon,2026-08-20
California,CA,San Diego,5.6932,5.9138,6.0952,7.0468,U.S Dollar,US Gallon,2026-08-20
California,CA,San Francisco,5.7241,5.9117,6.1376,7.219,U.S Dollar,US Gallon,2026-08-20
California,CA,San Jose,5.5422,5.7797,5.9725,7.0719,U.S Dollar,US Gallon,2026-08-20
California,CA,San Luis Obispo-Atascadero-Paso Robles,5.8553,6.0673,6.2639,7.3882,U.S Dollar,US Gallon,2026-08-20
California,CA,San Rafael,5.6832,5.9004,6.0846,7.303,U.S Dollar,US Gallon,2026-08-20
California,CA,Santa Barbara-Santa Maria-Lompoc,5.6387,5.8484,6.038,7.1515,U.S Dollar,US Gallon,2026-08-20
California,CA,Santa Cruz-Watsonville,5.5786,5.8399,6.0115,6.9734,U.S Dollar,US Gallon,2026-08-20
California,CA,Santa Rosa,5.7411,5.9543,6.1486,7.1976,U.S Dollar,US Gallon,2026-08-20
California,CA,Stockton-Lodi,5.3926,5.6623,5.8844,6.8824,U.S Dollar,US Gallon,2026-08-20
California,CA,Vallejo-Fairfield,5.4515,5.7022,5.9067,6.9052,U.S Dollar,US Gallon,2026-08-20
California,CA,Ventura,5.557,5.8012,5.9823,7.1381,U.S Dollar,US Gallon,2026-08-20
California,CA,Visalia-Tulare-Porterville,5.4708,5.7356,5.959,6.8924,U.S Dollar,US Gallon,2026-08-20
California,CA,Yolo,5.472,5.7412,5.9628,6.9208,U.S Dollar,US Gallon,2026-08-20
California,CA,Yuba City,5.239,5.5195,5.6909,6.66,U.S Dollar,US Gallon,2026-08-20
Colorado,CO,Boulder-Longmont,4.4633,4.9123,5.2293,5.7045,U.S Dollar,US Gallon,2026-08-20
Colorado,CO,Colorado Springs,4.4904,4.8918,5.2365,5.5575,U.S Dollar,US Gallon,2026-08-20
Colorado,CO,Denver,4.4913,4.9308,5.2562,5.5697,U.S Dollar,US Gallon,2026-08-20
Colorado,CO,Durango,4.4618,4.6846,5.0145,5.7207,U.S Dollar,US Gallon,2026-08-20
Colorado,CO,Fort Collins-Loveland,4.499,4.8871,5.2543,5.5608,U.S Dollar,US Gallon,2026-08-20
Colorado,CO,Glenwood Springs,4.8626,5.3078,5.63,5.9915,U.S Dollar,US Gallon,2026-08-20
Colorado,CO,Grand Junction (CO only),4.4148,4.737,5.0588,5.6508,U.S Dollar,US Gallon,2026-08-20
Colorado,CO,Greeley,4.4665,4.8501,5.1644,5.538,U.S Dollar,US Gallon,2026-08-20
Colorado,CO,Pueblo,4.4284,4.7938,5.161,5.5567,U.S Dollar,US Gallon,2026-08-20
Colorado,CO,Vail,4.649,5.019,5.2928,5.849,U.S Dollar,US Gallon,2026-08-20
Connecticut,CT,Bridgeport,4.1672,4.8092,5.2317,5.6232,U.S Dollar,US Gallon,2026-08-20
Connecticut,CT,Hartford,4.0945,4.7207,5.1503,5.5919,U.S Dollar,US Gallon,2026-08-20
Connecticut,CT,Lower Fairfield County,4.1302,4.7484,5.1428,5.6181,U.S Dollar,US Gallon,2026-08-20
Connecticut,CT,New Haven-Meriden,4.0515,4.656,5.0329,5.57,U.S Dollar,US Gallon,2026-08-20
Connecticut,CT,New London-Norwich (CT only),4.1034,4.7097,5.0994,5.6163,U.S Dollar,US Gallon,2026-08-20
Connecticut,CT,Windham,4.1809,4.7205,5.0785,5.627,U.S Dollar,US Gallon,2026-08-20
District of Columbia,DC,Washington (DC only),4.2059,4.8255,5.2651,5.6847,U.S Dollar,US Gallon,2026-08-20
District of Columbia,DC,Washington (Entire Metro Average),3.9967,4.5608,4.9105,5.6506,U.S Dollar,US Gallon,2026-08-20
Delaware,DE,Dover,3.8912,4.3996,4.749,5.5637,U.S Dollar,US Gallon,2026-08-20
Delaware,DE,Milford-Seaford,3.8916,4.3516,4.6932,5.5672,U.S Dollar,US Gallon,2026-08-20
Delaware,DE,Wilmington-Newark (DE only),3.8467,4.5534,4.8222,5.551,U.S Dollar,US Gallon,2026-08-20
Florida,FL,Bradenton-Sarasota-Venice,3.9335,4.4184,4.7483,5.5474,U.S Dollar,US Gallon,2026-08-20
Florida,FL,Crestview-Fort Walton Beach,3.8575,4.2793,4.7304,5.4085,U.S Dollar,US Gallon,2026-08-20
Florida,FL,Daytona Beach,3.9549,4.4095,4.7752,5.5618,U.S Dollar,US Gallon,2026-08-20
Florida,FL,Fort Lauderdale,3.9881,4.4662,4.7794,5.549,U.S Dollar,US Gallon,2026-08-20
Florida,FL,Fort Myers-Cape Coral,3.957,4.4441,4.7383,5.5706,U.S Dollar,US Gallon,2026-08-20
Florida,FL,Gainesville,3.9679,4.4739,4.8573,5.5768,U.S Dollar,US Gallon,2026-08-20
Florida,FL,Homosassa Springs,3.9695,4.3933,4.7429,5.5747,U.S Dollar,US Gallon,2026-08-20
Florida,FL,Jacksonville,3.9482,4.399,4.7699,5.5568,U.S Dollar,US Gallon,2026-08-20
Florida,FL,Lakeland-Winter Haven,3.9313,4.3708,4.752,5.5306,U.S Dollar,US Gallon,2026-08-20
Florida,FL,Melbourne-Titusville,3.9339,4.3887,4.7234,5.5873,U.S Dollar,US Gallon,2026-08-20
Florida,FL,Miami,3.9373,4.3844,4.6537,5.5122,U.S Dollar,US Gallon,2026-08-20
Florida,FL,Naples,4.0087,4.4694,4.7921,5.6037,U.S Dollar,US Gallon,2026-08-20
Florida,FL,Ocala,3.9579,4.3814,4.7601,5.5591,U.S Dollar,US Gallon,2026-08-20
Florida,FL,Orlando,3.9368,4.3825,4.7145,5.548,U.S Dollar,US Gallon,2026-08-20
Florida,FL,Panama City,3.8252,4.2738,4.6907,5.3823,U.S Dollar,US Gallon,2026-08-20
Florida,FL,Pensacola,3.8137,4.3115,4.6833,5.4242,U.S Dollar,US Gallon,2026-08-20
Florida,FL,Port St. Lucie,3.9548,4.4103,4.7836,5.5914,U.S Dollar,US Gallon,2026-08-20
Florida,FL,Punta Gorda,3.907,4.4186,4.7314,5.5641,U.S Dollar,US Gallon,2026-08-20
Florida,FL,Sebastian-Vero Beach,3.9511,4.4342,4.7545,5.5886,U.S Dollar,US Gallon,2026-08-20
Florida,FL,Sebring,3.9578,4.4314,4.7519,5.5482,U.S Dollar,US Gallon,2026-08-20
Florida,FL,Tallahassee,3.8807,4.3675,4.7407,5.3989,U.S Dollar,US Gallon,2026-08-20
Florida,FL,Tampa-St. Petersburg-Clearwater,3.9527,4.4371,4.7602,5.5488,U.S Dollar,US Gallon,2026-08-20
Florida,FL,The Villages,3.9308,4.3921,4.7885,5.5541,U.S Dollar,US Gallon,2026-08-20
Florida,FL,West Palm Beach-Boca Raton,4.0953,4.5944,4.9376,5.6151,U.S Dollar,US Gallon,2026-08-20
Georgia,GA,Albany,3.8103,4.2546,4.6699,5.4894,U.S Dollar,US Gallon,2026-08-20
Georgia,GA,Athens,3.7732,4.245,4.659,5.4574,U.S Dollar,US Gallon,2026-08-20
Georgia,GA,Atlanta,3.8303,4.3216,4.7674,5.4468,U.S Dollar,US Gallon,2026-08-20
Georgia,GA,Augusta-Aiken (GA only),3.7378,4.2404,4.6458,5.4999,U.S Dollar,US Gallon,2026-08-20
Georgia,GA,Brunswick,3.8507,4.3127,4.6586,5.495,U.S Dollar,US Gallon,2026-08-20
Georgia,GA,Catoosa-Dade-Walker,3.7185,4.2366,4.5838,5.3762,U.S Dollar,US Gallon,2026-08-20
Georgia,GA,Columbus (GA only),3.8162,4.2778,4.7119,5.4695,U.S Dollar,US Gallon,2026-08-20
Georgia,GA,Dalton,3.7467,4.2365,4.6305,5.4349,U.S Dollar,US Gallon,2026-08-20
Georgia,GA,Gainesville,3.8014,4.2993,4.703,5.4364,U.S Dollar,US Gallon,2026-08-20
Georgia,GA,Hinesville-Fort Stewart,3.8925,4.3298,4.7153,5.5442,U.S Dollar,US Gallon,2026-08-20
Georgia,GA,Macon,3.8555,4.3338,4.7536,5.4356,U.S Dollar,US Gallon,2026-08-20
Georgia,GA,Rome,3.746,4.2538,4.6878,5.4373,U.S Dollar,US Gallon,2026-08-20
Georgia,GA,Savannah,3.884,4.3639,4.7666,5.4923,U.S Dollar,US Gallon,2026-08-20
Georgia,GA,Valdosta,3.8057,4.2539,4.6252,5.5047,U.S Dollar,US Gallon,2026-08-20
Georgia,GA,Warner Robins,3.8046,4.2759,4.6754,5.4322,U.S Dollar,US Gallon,2026-08-20
Hawaii,HI,Hilo,5.5071,5.729,6.059,7.0234,U.S Dollar,US Gallon,2026-08-20
Hawaii,HI,Honolulu,5.3622,5.6791,5.9078,6.8096,U.S Dollar,US Gallon,2026-08-20
Hawaii,HI,Kahului,5.4507,5.7348,5.9219,7.259,U.S Dollar,US Gallon,2026-08-20
Hawaii,HI,Lihue (Kauai),5.811,6.1365,6.279,7.304,U.S Dollar,US Gallon,2026-08-20
Hawaii,HI,Wailuku,5.4507,5.7348,5.9219,7.259,U.S Dollar,US Gallon,2026-08-20
Iowa,IA,Ames,4.1596,4.579,4.9376,5.4204,U.S Dollar,US Gallon,2026-08-20
Iowa,IA,Cedar Rapids,4.1448,4.4435,4.9774,5.3667,U.S Dollar,US Gallon,2026-08-20
Iowa,IA,Council Bluffs,4.0732,4.3344,4.8664,5.337,U.S Dollar,US Gallon,2026-08-20
Iowa,IA,Davenport-Moline-Rock Island (IA only),4.0598,4.3578,5.0825,5.3921,U.S Dollar,US Gallon,2026-08-20
Iowa,IA,Des Moines,4.1943,4.5131,4.9656,5.3977,U.S Dollar,US Gallon,2026-08-20
Iowa,IA,Dubuque,4.1713,4.2423,5.1823,5.3018,U.S Dollar,US Gallon,2026-08-20
Iowa,IA,Iowa City,4.1312,4.482,5.0674,5.3754,U.S Dollar,US Gallon,2026-08-20
Iowa,IA,Sioux City (IA only),4.1681,4.4369,4.9611,5.3981,U.S Dollar,US Gallon,2026-08-20
Iowa,IA,Waterloo-Cedar Falls,4.1303,4.4747,5.0416,5.4406,U.S Dollar,US Gallon,2026-08-20
Idaho,ID,Boise City,4.5001,4.7129,5.0051,5.4777,U.S Dollar,US Gallon,2026-08-20
Idaho,ID,Coeur D'Alene,4.4075,4.6564,5.0083,5.4327,U.S Dollar,US Gallon,2026-08-20
Idaho,ID,Franklin,4.3465,4.619,4.8865,5.4273,U.S Dollar,US Gallon,2026-08-20
Idaho,ID,Idaho Falls,4.4237,4.7461,4.9859,5.4015,U.S Dollar,US Gallon,2026-08-20
Idaho,ID,Lewiston,4.399,4.639,5.009,5.3802,U.S Dollar,US Gallon,2026-08-20
Idaho,ID,Pocatello,4.4381,4.8446,5.1049,5.4796,U.S Dollar,US Gallon,2026-08-20
Idaho,ID,Twin Falls,4.4893,4.7762,5.0717,5.5293,U.S Dollar,US Gallon,2026-08-20
Illinois,IL,Alexander County,4.699,0.0,0.0,0.0,U.S Dollar,US Gallon,2026-08-20
Illinois,IL,Bloomington-Normal,4.3095,4.8031,5.3236,5.5299,U.S Dollar,US Gallon,2026-08-20
Illinois,IL,Carbondale-Marion,4.2939,4.7694,5.2118,5.5939,U.S Dollar,US Gallon,2026-08-20
Illinois,IL,Champaign-Urbana,4.3355,4.8939,5.3678,5.5057,U.S Dollar,US Gallon,2026-08-20
Illinois,IL,Chicago Metro,4.5054,5.1013,5.6808,5.6084,U.S Dollar,US Gallon,2026-08-20
Illinois,IL,City of Chicago,4.7095,5.3495,5.9252,5.8941,U.S Dollar,US Gallon,2026-08-20
Illinois,IL,Danville,4.309,4.8013,5.1921,5.519,U.S Dollar,US Gallon,2026-08-20
Illinois,IL,Davenport-Moline-Rock Island (IL only),4.3804,4.8687,5.3098,5.487,U.S Dollar,US Gallon,2026-08-20
Illinois,IL,Decatur,4.285,4.8112,5.3925,5.5381,U.S Dollar,US Gallon,2026-08-20
Illinois,IL,East Saint Louis,4.2863,4.7759,5.1535,5.4295,U.S Dollar,US Gallon,2026-08-20
Illinois,IL,Elgin,4.4252,5.0195,5.5534,5.506,U.S Dollar,US Gallon,2026-08-20
Illinois,IL,Kankakee-Bradley,4.3649,4.8922,5.4118,5.52,U.S Dollar,US Gallon,2026-08-20
Illinois,IL,Lake County,4.3466,4.9806,5.5561,5.3954,U.S Dollar,US Gallon,2026-08-20
Illinois,IL,Peoria-Pekin,4.3585,4.8772,5.3345,5.4801,U.S Dollar,US Gallon,2026-08-20
Illinois,IL,Quincy,4.3175,4.6607,5.139,5.4778,U.S Dollar,US Gallon,2026-08-20
Illinois,IL,Rockford,4.3172,4.8713,5.3968,5.4695,U.S Dollar,US Gallon,2026-08-20
Illinois,IL,Springfield,4.2802,4.8626,5.3788,5.4158,U.S Dollar,US Gallon,2026-08-20
Indiana,IN,Bloomington,3.6434,4.2192,4.7888,5.5672,U.S Dollar,US Gallon,2026-08-20
Indiana,IN,Clarksville,3.4229,3.9289,4.4056,5.4918,U.S Dollar,US Gallon,2026-08-20
Indiana,IN,Columbus,3.5931,4.139,4.6859,5.5633,U.S Dollar,US Gallon,2026-08-20
Indiana,IN,Dearborn-Franklin-Ohio-Union,3.6634,4.2119,4.8204,5.4975,U.S Dollar,US Gallon,2026-08-20
Indiana,IN,Elkhart,3.595,4.1622,4.6729,5.5589,U.S Dollar,US Gallon,2026-08-20
Indiana,IN,Evansville,3.3515,3.8818,4.3359,5.4432,U.S Dollar,US Gallon,2026-08-20
Indiana,IN,Fort Wayne,3.5716,4.1334,4.6841,5.5744,U.S Dollar,US Gallon,2026-08-20
Indiana,IN,Gary,3.6078,4.1201,4.6282,5.532,U.S Dollar,US Gallon,2026-08-20
Indiana,IN,Indianapolis,3.5677,4.211,4.7494,5.5656,U.S Dollar,US Gallon,2026-08-20
Indiana,IN,Kokomo,3.5198,4.1136,4.619,5.5886,U.S Dollar,US Gallon,2026-08-20
Indiana,IN,Lafayette,3.631,4.1543,4.6751,5.5959,U.S Dollar,US Gallon,2026-08-20
Indiana,IN,Michigan City-La Porte,3.6808,4.255,4.7741,5.5848,U.S Dollar,US Gallon,2026-08-20
Indiana,IN,Muncie,3.552,4.1284,4.6563,5.5568,U.S Dollar,US Gallon,2026-08-20
Indiana,IN,South Bend,3.5671,4.1666,4.7505,5.5371,U.S Dollar,US Gallon,2026-08-20
Indiana,IN,Terre Haute,3.5433,4.0761,4.5581,5.5056,U.S Dollar,US Gallon,2026-08-20
Kansas,KS,Kansas City (KS only),3.8484,4.2298,4.6005,5.1744,U.S Dollar,US Gallon,2026-08-20
Kansas,KS,Lawrence,3.8118,4.159,4.6797,5.2434,U.S Dollar,US Gallon,2026-08-20
Kansas,KS,Manhattan,3.9656,4.299,4.6961,5.2101,U.S Dollar,US Gallon,2026-08-20
Kansas,KS,Topeka,3.9218,4.2688,4.6555,5.2477,U.S Dollar,US Gallon,2026-08-20
Kansas,KS,Wichita,3.8982,4.1706,4.4097,5.0965,U.S Dollar,US Gallon,2026-08-20
Kentucky,KY,Bowling Green,3.5998,4.0907,4.5411,5.1269,U.S Dollar,US Gallon,2026-08-20
Kentucky,KY,Covington,3.9944,4.5814,5.0812,5.1082,U.S Dollar,US Gallon,2026-08-20
Kentucky,KY,Elizabethtown-Fort Knox,3.6174,4.1664,4.6004,5.0549,U.S Dollar,US Gallon,2026-08-20
Kentucky,KY,Henderson,3.4238,3.9214,4.3877,5.009,U.S Dollar,US Gallon,2026-08-20
Kentucky,KY,Hopkinsville,3.593,4.0977,4.437,5.1645,U.S Dollar,US Gallon,2026-08-20
Kentucky,KY,Huntington-Ashland (KY only),3.7617,4.3338,4.7511,5.191,U.S Dollar,US Gallon,2026-08-20
Kentucky,KY,Lexington,3.6902,4.2646,4.6838,5.1384,U.S Dollar,US Gallon,2026-08-20
Kentucky,KY,Louisville (KY only),3.7521,4.3663,4.7875,5.0687,U.S Dollar,US Gallon,2026-08-20
Kentucky,KY,Owensboro,3.581,4.1228,4.6433,5.1636,U.S Dollar,US Gallon,2026-08-20
Louisiana,LA,Alexandria,3.6507,4.1275,4.5511,5.3068,U.S Dollar,US Gallon,2026-08-20
Louisiana,LA,Baton Rouge,3.6711,4.157,4.5533,5.2456,U.S Dollar,US Gallon,2026-08-20
Louisiana,LA,Hammond,3.6937,4.1518,4.5754,5.2884,U.S Dollar,US Gallon,2026-08-20
Louisiana,LA,Houma-Thibodaux,3.7223,4.1285,4.5064,5.1172,U.S Dollar,US Gallon,2026-08-20
Louisiana,LA,Lafayette,3.6969,4.1506,4.5631,5.2129,U.S Dollar,US Gallon,2026-08-20
Louisiana,LA,Lake Charles,3.7436,4.308,4.652,5.1509,U.S Dollar,US Gallon,2026-08-20
Louisiana,LA,Monroe,3.6603,4.0876,4.529,5.2519,U.S Dollar,US Gallon,2026-08-20
Louisiana,LA,New Orleans,3.6639,4.2065,4.5494,5.2543,U.S Dollar,US Gallon,2026-08-20
Louisiana,LA,Shreveport-Bossier City,3.6907,4.1343,4.5017,5.2848,U.S Dollar,US Gallon,2026-08-20
Massachusetts,MA,Barnstable-Yarmouth,4.1005,4.7708,5.1245,5.533,U.S Dollar,US Gallon,2026-08-20
Massachusetts,MA,Boston (MA only),4.0599,4.7333,5.1506,5.5221,U.S Dollar,US Gallon,2026-08-20
Massachusetts,MA,Cambridge-Newton-Framingham,4.0944,4.7247,5.1161,5.5864,U.S Dollar,US Gallon,2026-08-20
Massachusetts,MA,Pittsfield,4.0636,4.6654,5.0371,5.5083,U.S Dollar,US Gallon,2026-08-20
Massachusetts,MA,Seekonk,3.9113,4.5303,4.931,5.4099,U.S Dollar,US Gallon,2026-08-20
Massachusetts,MA,Springfield,3.9205,4.4961,4.9281,5.4304,U.S Dollar,US Gallon,2026-08-20
Massachusetts,MA,Worcester,4.0154,4.6475,5.0329,5.536,U.S Dollar,US Gallon,2026-08-20
Maryland,MD,Annapolis,3.925,4.6297,4.9046,5.6253,U.S Dollar,US Gallon,2026-08-20
Maryland,MD,Baltimore,3.9139,4.5204,4.8336,5.6212,U.S Dollar,US Gallon,2026-08-20
Maryland,MD,Bowie-St. Charles,3.9528,4.7331,5.0168,5.6323,U.S Dollar,US Gallon,2026-08-20
Maryland,MD,Cumberland (MD Only),4.0231,4.4244,4.8633,5.559,U.S Dollar,US Gallon,2026-08-20
Maryland,MD,Frederick,3.9522,4.4619,4.8126,5.5986,U.S Dollar,US Gallon,2026-08-20
Maryland,MD,Hagerstown,3.8013,4.2633,4.6495,5.658,U.S Dollar,US Gallon,2026-08-20
Maryland,MD,Salisbury,3.9221,4.4602,4.789,5.62,U.S Dollar,US Gallon,2026-08-20
Maryland,MD,Washington (MD only),4.0508,4.7104,5.0248,5.6418,U.S Dollar,US Gallon,2026-08-20
Maine,ME,Bangor,4.0798,4.6577,5.1538,5.6692,U.S Dollar,US Gallon,2026-08-20
Maine,ME,Lewiston-Auburn,4.0435,4.6434,5.1073,5.6544,U.S Dollar,US Gallon,2026-08-20
Maine,ME,Portland,4.0421,4.6127,5.065,5.6306,U.S Dollar,US Gallon,2026-08-20
Michigan,MI,Ann Arbor,4.2829,4.9054,5.5086,5.5506,U.S Dollar,US Gallon,2026-08-20
Michigan,MI,Benton Harbor,4.1894,4.8453,5.3849,5.4292,U.S Dollar,US Gallon,2026-08-20
Michigan,MI,Flint,4.1522,4.8075,5.3955,5.4564,U.S Dollar,US Gallon,2026-08-20
Michigan,MI,Grand Rapids-Muskegon-Holland,4.1862,4.8058,5.3961,5.4765,U.S Dollar,US Gallon,2026-08-20
Michigan,MI,Jackson,4.2426,4.8587,5.3973,5.4595,U.S Dollar,US Gallon,2026-08-20
Michigan,MI,Lansing-East Lansing,4.2071,4.8395,5.4229,5.4708,U.S Dollar,US Gallon,2026-08-20
Michigan,MI,Marquette,4.1607,4.8932,5.4264,5.5727,U.S Dollar,US Gallon,2026-08-20
Michigan,MI,Metro Detroit,4.2178,4.8927,5.5131,5.5523,U.S Dollar,US Gallon,2026-08-20
Michigan,MI,Saginaw-Bay City-Midland,4.1781,4.8249,5.3872,5.5072,U.S Dollar,US Gallon,2026-08-20
Michigan,MI,Traverse City,4.0819,4.6515,5.219,5.474,U.S Dollar,US Gallon,2026-08-20
Minnesota,MN,Duluth-Superior (MN only),4.0839,4.5592,5.0247,5.3083,U.S Dollar,US Gallon,2026-08-20
Minnesota,MN,Houston County,4.0913,0.0,5.239,5.374,U.S Dollar,US Gallon,2026-08-20
Minnesota,MN,Mankato,4.1835,4.5276,5.1227,5.3646,U.S Dollar,US Gallon,2026-08-20
Minnesota,MN,Minneapolis-St. Paul (MN only),4.229,4.6854,5.1763,5.3351,U.S Dollar,US Gallon,2026-08-20
Minnesota,MN,Moorhead,3.7247,4.0334,4.5028,5.1475,U.S Dollar,US Gallon,2026-08-20
Minnesota,MN,Polk County,4.038,4.139,4.869,5.2583,U.S Dollar,US Gallon,2026-08-20
Minnesota,MN,Rochester,4.1497,4.479,5.1683,5.3752,U.S Dollar,US Gallon,2026-08-20
Minnesota,MN,St. Cloud,4.144,4.5843,5.0875,5.369,U.S Dollar,US Gallon,2026-08-20
Missouri,MO,Cape Girardeau,3.8832,4.2997,4.6133,5.1433,U.S Dollar,US Gallon,2026-08-20
Missouri,MO,Columbia,3.9193,4.1982,4.5583,5.1092,U.S Dollar,US Gallon,2026-08-20
Missouri,MO,Jefferson City,3.949,4.2233,4.6004,5.1392,U.S Dollar,US Gallon,2026-08-20
Missouri,MO,Joplin,3.8996,4.2786,4.5706,5.1847,U.S Dollar,US Gallon,2026-08-20
Missouri,MO,Kansas City (MO only),3.8365,4.192,4.5443,5.1921,U.S Dollar,US Gallon,2026-08-20
Missouri,MO,Springfield,3.9548,4.2813,4.5981,5.2283,U.S Dollar,US Gallon,2026-08-20
Missouri,MO,St. Joseph,3.942,4.329,4.605,5.2508,U.S Dollar,US Gallon,2026-08-20
Missouri,MO,St. Louis (MO only),3.8276,4.2031,4.5465,5.1879,U.S Dollar,US Gallon,2026-08-20
Mississippi,MS,Biloxi-Gulfport-Pascagoula,3.6417,4.1159,4.4762,5.2645,U.S Dollar,US Gallon,2026-08-20
Mississippi,MS,Hattiesburg,3.5772,3.989,4.3579,5.2064,U.S Dollar,US Gallon,2026-08-20
Mississippi,MS,Jackson,3.6649,4.1413,4.5172,5.1694,U.S Dollar,US Gallon,2026-08-20
Mississippi,MS,South Haven - Olive Branch,3.6701,4.269,4.5952,5.2607,U.S Dollar,US Gallon,2026-08-20
Montana,MT,Billings,4.3908,4.7567,5.1302,5.3217,U.S Dollar,US Gallon,2026-08-20
Montana,MT,Great Falls,4.3593,4.6668,4.9649,5.3657,U.S Dollar,US Gallon,2026-08-20
Montana,MT,Missoula,4.3567,4.6813,4.962,5.3139,U.S Dollar,US Gallon,2026-08-20
North Carolina,NC,Asheville,3.7605,4.2206,4.6227,5.323,U.S Dollar,US Gallon,2026-08-20
North Carolina,NC,Burlington,3.7876,4.229,4.6529,5.4382,U.S Dollar,US Gallon,2026-08-20
North Carolina,NC,Charlotte-Gastonia-Rock Hill (NC only),3.7679,4.2648,4.6467,5.4729,U.S Dollar,US Gallon,2026-08-20
North Carolina,NC,Durham-Chapel Hill,3.8566,4.2944,4.7134,5.5012,U.S Dollar,US Gallon,2026-08-20
North Carolina,NC,Fayetteville,3.7129,4.1343,4.5466,5.4946,U.S Dollar,US Gallon,2026-08-20
North Carolina,NC,Goldsboro,3.7399,4.1999,4.583,5.499,U.S Dollar,US Gallon,2026-08-20
North Carolina,NC,Greensboro,3.7958,4.2612,4.6728,5.4676,U.S Dollar,US Gallon,2026-08-20
North Carolina,NC,Hickory-Lenoir-Morganton,3.6852,4.167,4.5525,5.3388,U.S Dollar,US Gallon,2026-08-20
North Carolina,NC,Jacksonville,3.7431,4.2844,4.672,5.4788,U.S Dollar,US Gallon,2026-08-20
North Carolina,NC,New Bern,3.7346,4.1918,4.6455,5.4784,U.S Dollar,US Gallon,2026-08-20
North Carolina,NC,Norfolk-Virginia Beach-Newport News,3.7846,4.3434,4.6857,5.391,U.S Dollar,US Gallon,2026-08-20
North Carolina,NC,Raleigh,3.8308,4.2779,4.6596,5.4955,U.S Dollar,US Gallon,2026-08-20
North Carolina,NC,Rocky Mount,3.7847,4.2701,4.6468,5.4943,U.S Dollar,US Gallon,2026-08-20
North Carolina,NC,Wilmington,3.7313,4.2953,4.701,5.5004,U.S Dollar,US Gallon,2026-08-20
North Carolina,NC,Winston-Salem,3.8037,4.2743,4.6687,5.4534,U.S Dollar,US Gallon,2026-08-20
North Dakota,ND,Bismarck,4.0931,4.3987,4.9058,5.2322,U.S Dollar,US Gallon,2026-08-20
North Dakota,ND,Fargo-Moorhead (ND only),3.6622,4.1398,4.4604,5.0509,U.S Dollar,US Gallon,2026-08-20
North Dakota,ND,Grand Forks (ND only),3.9242,4.2068,4.6174,5.1964,U.S Dollar,US Gallon,2026-08-20
North Dakota,ND,Minot,4.1095,4.5252,4.7686,5.2942,U.S Dollar,US Gallon,2026-08-20
Nebraska,NE,Columbus,4.199,3.9857,4.6919,5.3304,U.S Dollar,US Gallon,2026-08-20
Nebraska,NE,Grand Island,3.9871,4.049,4.6711,5.2721,U.S Dollar,US Gallon,2026-08-20
Nebraska,NE,Kearney,4.0471,4.492,4.719,5.2271,U.S Dollar,US Gallon,2026-08-20
Nebraska,NE,Lincoln,4.0324,4.2828,4.8723,5.1298,U.S Dollar,US Gallon,2026-08-20
Nebraska,NE,Norfolk,4.034,4.3128,4.7734,5.1454,U.S Dollar,US Gallon,2026-08-20
Nebraska,NE,North Platte,4.0229,4.3134,4.7935,5.2476,U.S Dollar,US Gallon,2026-08-20
Nebraska,NE,Omaha (NE only),3.9959,4.2456,4.8516,5.227,U.S Dollar,US Gallon,2026-08-20
New Hampshire,NH,Manchester,4.0068,4.6234,5.0808,5.5456,U.S Dollar,US Gallon,2026-08-20
New Hampshire,NH,Portsmouth-Rochester (NH only),4.0034,4.5858,5.025,5.4945,U.S Dollar,US Gallon,2026-08-20
New Jersey,NJ,Atlantic City,3.9852,4.5348,4.753,5.5964,U.S Dollar,US Gallon,2026-08-20
New Jersey,NJ,Bergen-Passaic,4.0034,4.6479,4.9317,5.6119,U.S Dollar,US Gallon,2026-08-20
New Jersey,NJ,Cape May,4.1516,4.6049,4.9745,5.6678,U.S Dollar,US Gallon,2026-08-20
New Jersey,NJ,Middlesex-Somerset-Hunterdon,3.9619,4.5523,4.844,5.607,U.S Dollar,US Gallon,2026-08-20
New Jersey,NJ,Monmouth-Ocean,3.9862,4.6088,4.8347,5.6583,U.S Dollar,US Gallon,2026-08-20
New Jersey,NJ,Newark,4.0593,4.7085,4.9794,5.6473,U.S Dollar,US Gallon,2026-08-20
New Jersey,NJ,Parsippany-Troy Hills,3.9797,4.5516,4.8633,5.5768,U.S Dollar,US Gallon,2026-08-20
New Jersey,NJ,Philadelphia (NJ Only),3.9342,4.4883,4.751,5.589,U.S Dollar,US Gallon,2026-08-20
New Jersey,NJ,Trenton,3.9178,4.5161,4.8218,5.5594,U.S Dollar,US Gallon,2026-08-20
New Jersey,NJ,Vineland,4.0641,4.568,4.7858,5.5876,U.S Dollar,US Gallon,2026-08-20
New Jersey,NJ,Warren County,3.8873,4.3365,4.7683,5.6224,U.S Dollar,US Gallon,2026-08-20
New Mexico,NM,Albuquerque,4.114,4.5879,4.9077,5.4747,U.S Dollar,US Gallon,2026-08-20
New Mexico,NM,Farmington,4.4423,4.8313,5.1251,5.7578,U.S Dollar,US Gallon,2026-08-20
New Mexico,NM,Las Cruces,4.0382,4.4976,4.8481,5.4821,U.S Dollar,US Gallon,2026-08-20
New Mexico,NM,Santa Fe,4.218,4.6934,4.9855,5.5453,U.S Dollar,US Gallon,2026-08-20
Nevada,NV,Las Vegas (NV only),4.7618,5.1298,5.4385,5.7826,U.S Dollar,US Gallon,2026-08-20
Nevada,NV,Reno,5.0684,5.2889,5.5059,5.8794,U.S Dollar,US Gallon,2026-08-20
New York,NY,Albany-Schenectady-Troy,4.074,4.6378,5.0769,5.4657,U.S Dollar,US Gallon,2026-08-20
New York,NY,Batavia,4.2062,4.7415,5.0857,5.6776,U.S Dollar,US Gallon,2026-08-20
New York,NY,Binghamton,4.0139,4.513,4.9577,5.581,U.S Dollar,US Gallon,2026-08-20
New York,NY,Buffalo-Niagara Falls,4.208,4.6958,5.097,5.6232,U.S Dollar,US Gallon,2026-08-20
New York,NY,Dutchess-Putnam County,4.1379,4.7798,5.1239,5.5894,U.S Dollar,US Gallon,2026-08-20
New York,NY,Elmira,4.0207,4.458,4.8734,5.4973,U.S Dollar,US Gallon,2026-08-20
New York,NY,Glens Falls,4.1055,4.6332,5.0711,5.5179,U.S Dollar,US Gallon,2026-08-20
New York,NY,Ithaca,4.2107,4.7083,5.1372,5.5957,U.S Dollar,US Gallon,2026-08-20
New York,NY,Kingston,4.036,4.6671,4.9961,5.5001,U.S Dollar,US Gallon,2026-08-20
New York,NY,Nassau-Suffolk,4.0612,4.5834,4.9568,5.6996,U.S Dollar,US Gallon,2026-08-20
New York,NY,New York,4.143,4.6591,5.0556,5.8969,U.S Dollar,US Gallon,2026-08-20
New York,NY,Rochester,4.2215,4.723,5.1081,5.6503,U.S Dollar,US Gallon,2026-08-20
New York,NY,Syracuse,4.1389,4.6746,5.0787,5.5246,U.S Dollar,US Gallon,2026-08-20
New York,NY,Utica-Rome,4.218,4.738,5.1457,5.5433,U.S Dollar,US Gallon,2026-08-20
New York,NY,Watertown-Fort Drum,4.1933,4.6767,5.096,5.5945,U.S Dollar,US Gallon,2026-08-20
New York,NY,White Plains,4.264,4.9413,5.3128,5.7606,U.S Dollar,US Gallon,2026-08-20
Ohio,OH,Akron,4.1565,4.7223,5.2526,5.6068,U.S Dollar,US Gallon,2026-08-20
Ohio,OH,Belmont County,4.177,4.7984,5.2296,5.494,U.S Dollar,US Gallon,2026-08-20
Ohio,OH,Canton-Massillon,4.193,4.7359,5.2549,5.6782,U.S Dollar,US Gallon,2026-08-20
Ohio,OH,Cincinnati (OH only),3.9903,4.5121,5.0486,5.5034,U.S Dollar,US Gallon,2026-08-20
Ohio,OH,Cleveland-Lorain-Elyria,4.2226,4.846,5.3809,5.6137,U.S Dollar,US Gallon,2026-08-20
Ohio,OH,Columbus,4.2209,4.7682,5.3027,5.5908,U.S Dollar,US Gallon,2026-08-20
Ohio,OH,Dayton,3.9984,4.5497,5.0768,5.5695,U.S Dollar,US Gallon,2026-08-20
Ohio,OH,Lawerence County,4.0176,4.543,5.0815,5.5847,U.S Dollar,US Gallon,2026-08-20
Ohio,OH,Lima,3.9739,4.5436,5.1235,5.5855,U.S Dollar,US Gallon,2026-08-20
Ohio,OH,Mansfield,4.1637,4.7596,5.2944,5.604,U.S Dollar,US Gallon,2026-08-20
Ohio,OH,Springfield,4.0612,4.5999,5.1216,5.582,U.S Dollar,US Gallon,2026-08-20
Ohio,OH,Steubenville-Weirton (OH only),4.2851,4.7834,5.3171,5.5155,U.S Dollar,US Gallon,2026-08-20
Ohio,OH,Toledo,4.1172,4.6592,5.1965,5.5301,U.S Dollar,US Gallon,2026-08-20
Ohio,OH,Youngstown-Warren,4.0535,4.6468,5.2095,5.5136,U.S Dollar,US Gallon,2026-08-20
Oklahoma,OK,Lawton,3.8018,4.151,4.4917,5.0072,U.S Dollar,US Gallon,2026-08-20
Oklahoma,OK,Le Flore-Sequoyah,3.8177,4.2395,4.5504,5.0454,U.S Dollar,US Gallon,2026-08-20
Oklahoma,OK,Oklahoma City,3.861,4.3214,4.5937,5.0022,U.S Dollar,US Gallon,2026-08-20
Oklahoma,OK,Tulsa,3.9118,4.2562,4.5283,5.1506,U.S Dollar,US Gallon,2026-08-20
Oregon,OR,Albany,4.6766,4.8395,5.2218,5.5654,U.S Dollar,US Gallon,2026-08-20
Oregon,OR,Bend,4.633,4.8161,5.1262,5.5188,U.S Dollar,US Gallon,2026-08-20
Oregon,OR,Corvallis,4.6534,4.8698,5.1504,5.4857,U.S Dollar,US Gallon,2026-08-20
Oregon,OR,Eugene-Springfield,4.7237,4.8874,5.18,5.6017,U.S Dollar,US Gallon,2026-08-20
Oregon,OR,Grants Pass,4.883,5.0846,5.4603,5.7326,U.S Dollar,US Gallon,2026-08-20
Oregon,OR,Medford-Ashland,4.7333,4.9454,5.2829,5.6718,U.S Dollar,US Gallon,2026-08-20
Oregon,OR,Pendleton,4.7606,5.0362,5.2993,5.5436,U.S Dollar,US Gallon,2026-08-20
Oregon,OR,Portland-Vancouver (OR only),4.8103,5.0633,5.3193,5.6188,U.S Dollar,US Gallon,2026-08-20
Oregon,OR,Salem,4.6565,4.9129,5.1525,5.6375,U.S Dollar,US Gallon,2026-08-20
Pennsylvania,PA,Allentown-Bethlehem-Easton,3.9665,4.387,4.7628,5.7398,U.S Dollar,US Gallon,2026-08-20
Pennsylvania,PA,Altoona,4.3044,4.7259,5.0885,5.6074,U.S Dollar,US Gallon,2026-08-20
Pennsylvania,PA,Bloomsburg-Berwick,3.8728,4.2494,4.7066,5.763,U.S Dollar,US Gallon,2026-08-20
Pennsylvania,PA,Chambersburg-Waynesboro,3.9622,4.3257,4.7111,5.7631,U.S Dollar,US Gallon,2026-08-20
Pennsylvania,PA,East Stroudsburg,4.0185,4.5528,4.8973,5.7698,U.S Dollar,US Gallon,2026-08-20
Pennsylvania,PA,Erie,4.343,4.7601,5.174,5.7298,U.S Dollar,US Gallon,2026-08-20
Pennsylvania,PA,Gettysburg,4.081,4.5431,5.0151,5.7861,U.S Dollar,US Gallon,2026-08-20
Pennsylvania,PA,Harrisburg,3.9709,4.4027,4.8166,5.7617,U.S Dollar,US Gallon,2026-08-20
Pennsylvania,PA,Johnstown,4.3715,4.7547,5.1857,5.6019,U.S Dollar,US Gallon,2026-08-20
Pennsylvania,PA,Lancaster,4.0579,4.4754,4.8977,5.7791,U.S Dollar,US Gallon,2026-08-20
Pennsylvania,PA,Lebanon,3.8878,4.3818,4.7484,5.8249,U.S Dollar,US Gallon,2026-08-20
Pennsylvania,PA,Mercer County,4.3188,4.799,5.2515,5.7334,U.S Dollar,US Gallon,2026-08-20
Pennsylvania,PA,Philadelphia (PA only),4.0533,4.6121,4.9236,5.7877,U.S Dollar,US Gallon,2026-08-20
Pennsylvania,PA,Pittsburgh,4.343,4.7833,5.2168,5.7139,U.S Dollar,US Gallon,2026-08-20
Pennsylvania,PA,Reading,4.0287,4.4346,4.8151,5.802,U.S Dollar,US Gallon,2026-08-20
Pennsylvania,PA,Scranton--Wilkes-Barre--Hazleton,4.0224,4.4191,4.8505,5.8231,U.S Dollar,US Gallon,2026-08-20
Pennsylvania,PA,State College,4.3192,4.7323,5.145,5.7504,U.S Dollar,US Gallon,2026-08-20
Pennsylvania,PA,Williamsport,3.9347,4.3873,4.7507,5.751,U.S Dollar,US Gallon,2026-08-20
Pennsylvania,PA,York,4.1685,4.5907,4.9782,5.8164,U.S Dollar,US Gallon,2026-08-20
Rhode Island,RI,Providence-Fall River-Warwick (RI only),3.9957,4.7412,5.1191,5.5084,U.S Dollar,US Gallon,2026-08-20
South Carolina,SC,Aiken-Edgfield County,3.7075,4.1778,4.5937,5.3774,U.S Dollar,US Gallon,2026-08-20
South Carolina,SC,Charleston-North Charleston,3.7562,4.2319,4.6353,5.4991,U.S Dollar,US Gallon,2026-08-20
South Carolina,SC,Columbia,3.6795,4.162,4.5814,5.4133,U.S Dollar,US Gallon,2026-08-20
South Carolina,SC,Florence,3.6484,4.1419,4.5644,5.4056,U.S Dollar,US Gallon,2026-08-20
South Carolina,SC,Greenville,3.6465,4.0984,4.4736,5.3724,U.S Dollar,US Gallon,2026-08-20
South Carolina,SC,Hilton Head-Bluffton,3.7715,4.2715,4.7117,5.4468,U.S Dollar,US Gallon,2026-08-20
South Carolina,SC,Myrtle Beach,3.6438,4.1457,4.5471,5.4241,U.S Dollar,US Gallon,2026-08-20
South Carolina,SC,Rock Hill,3.6559,4.1285,4.524,5.3649,U.S Dollar,US Gallon,2026-08-20
South Carolina,SC,Spartanburg,3.6285,4.1364,4.5053,5.3529,U.S Dollar,US Gallon,2026-08-20
South Carolina,SC,Sumter,3.7335,4.2636,4.5927,5.4799,U.S Dollar,US Gallon,2026-08-20
South Dakota,SD,North Sioux City,4.1605,4.349,4.8678,5.188,U.S Dollar,US Gallon,2026-08-20
South Dakota,SD,Rapid City,4.2925,4.5343,5.0294,5.3274,U.S Dollar,US Gallon,2026-08-20
South Dakota,SD,Sioux Falls,3.9507,4.2874,4.7997,5.1739,U.S Dollar,US Gallon,2026-08-20
Tennessee,TN,Chattanooga (TN only),3.5682,4.0316,4.3781,5.175,U.S Dollar,US Gallon,2026-08-20
Tennessee,TN,Clarksville-Hopkinsville (TN only),3.5001,3.9092,4.3408,5.1947,U.S Dollar,US Gallon,2026-08-20
Tennessee,TN,Cleveland,3.5996,4.0178,4.435,5.2638,U.S Dollar,US Gallon,2026-08-20
Tennessee,TN,Jackson,3.7789,4.3436,4.6902,5.3998,U.S Dollar,US Gallon,2026-08-20
Tennessee,TN,Johnson City,3.7004,4.252,4.6404,5.3786,U.S Dollar,US Gallon,2026-08-20
Tennessee,TN,Kingsport-Bristol,3.6357,4.0998,4.5173,5.2732,U.S Dollar,US Gallon,2026-08-20
Tennessee,TN,Knoxville,3.6746,4.0936,4.5502,5.2375,U.S Dollar,US Gallon,2026-08-20
Tennessee,TN,Memphis (TN only),3.7268,4.3192,4.7437,5.3029,U.S Dollar,US Gallon,2026-08-20
Tennessee,TN,Morristown,3.634,3.9832,4.4314,5.2663,U.S Dollar,US Gallon,2026-08-20
Tennessee,TN,Nashville,3.67,4.1573,4.5547,5.2709,U.S Dollar,US Gallon,2026-08-20
Texas,TX,Abilene,3.639,4.0377,4.3808,5.2642,U.S Dollar,US Gallon,2026-08-20
Texas,TX,Amarillo,3.756,4.0899,4.4627,5.0011,U.S Dollar,US Gallon,2026-08-20
Texas,TX,Austin-San Marcos,3.5719,4.0428,4.4156,5.2026,U.S Dollar,US Gallon,2026-08-20
Texas,TX,Beaumont-Port Arthur,3.5602,4.0457,4.459,5.0772,U.S Dollar,US Gallon,2026-08-20
Texas,TX,Brownsville-Harlingen,3.7388,4.3373,4.7407,5.2694,U.S Dollar,US Gallon,2026-08-20
Texas,TX,College Station-Bryan,3.6249,4.1257,4.5205,5.144,U.S Dollar,US Gallon,2026-08-20
Texas,TX,Corpus Christi,3.7729,4.3733,4.7705,5.2785,U.S Dollar,US Gallon,2026-08-20
Texas,TX,Dallas,3.683,4.1381,4.4791,5.278,U.S Dollar,US Gallon,2026-08-20
Texas,TX,El Paso,3.9564,4.4767,4.802,5.5098,U.S Dollar,US Gallon,2026-08-20
Texas,TX,Fort Worth-Arlington,3.6829,4.1254,4.4702,5.2568,U.S Dollar,US Gallon,2026-08-20
Texas,TX,Galveston-Texas City,3.6145,4.1538,4.5255,5.0628,U.S Dollar,US Gallon,2026-08-20
Texas,TX,Houston,3.5595,4.1459,4.5692,5.0441,U.S Dollar,US Gallon,2026-08-20
Texas,TX,Killeen-Temple-Fort Hood,3.5984,4.0039,4.3521,5.1599,U.S Dollar,US Gallon,2026-08-20
Texas,TX,Laredo,3.7503,4.3233,4.7357,5.2704,U.S Dollar,US Gallon,2026-08-20
Texas,TX,Longview,3.6017,4.0673,4.4447,5.2151,U.S Dollar,US Gallon,2026-08-20
Texas,TX,Lubbock,3.7674,4.2139,4.5324,5.022,U.S Dollar,US Gallon,2026-08-20
Texas,TX,McAllen-Edinburg-Mission,3.7522,4.3601,4.7729,5.2627,U.S Dollar,US Gallon,2026-08-20
Texas,TX,Midland,3.6365,4.2313,4.4952,5.279,U.S Dollar,US Gallon,2026-08-20
Texas,TX,Odessa,3.633,4.1402,4.491,5.339,U.S Dollar,US Gallon,2026-08-20
Texas,TX,San Angelo,3.5927,4.195,4.3847,5.295,U.S Dollar,US Gallon,2026-08-20
Texas,TX,San Antonio,3.572,4.0318,4.4055,5.2046,U.S Dollar,US Gallon,2026-08-20
Texas,TX,Sherman-Denison,3.6575,4.0216,4.3814,5.1953,U.S Dollar,US Gallon,2026-08-20
Texas,TX,Texarkana (TX only),3.6684,4.1234,4.4852,5.1972,U.S Dollar,US Gallon,2026-08-20
Texas,TX,Tyler,3.5571,3.9974,4.3572,5.1184,U.S Dollar,US Gallon,2026-08-20
Texas,TX,Victoria,3.7129,4.1324,4.5001,5.1807,U.S Dollar,US Gallon,2026-08-20
Texas,TX,Waco,3.638,4.0738,4.4327,5.2029,U.S Dollar,US Gallon,2026-08-20
Texas,TX,Wichita Falls,3.6867,4.1379,4.4764,5.1366,U.S Dollar,US Gallon,2026-08-20
Utah,UT,Logan,4.3649,4.6455,4.9073,5.4322,U.S Dollar,US Gallon,2026-08-20
Utah,UT,Ogden,4.3429,4.6581,4.9069,5.3726,U.S Dollar,US Gallon,2026-08-20
Utah,UT,Provo-Orem,4.3718,4.6604,4.9163,5.3909,U.S Dollar,US Gallon,2026-08-20
Utah,UT,Salt Lake City,4.3543,4.6504,4.902,5.4117,U.S Dollar,US Gallon,2026-08-20
Utah,UT,St. George,4.408,4.6984,4.9623,5.4624,U.S Dollar,US Gallon,2026-08-20
Virginia,VA,Blacksburg-Christiansburg-Radford,3.8325,4.3058,4.7429,5.5206,U.S Dollar,US Gallon,2026-08-20
Virginia,VA,Bristol-Scott-Washington,3.7903,4.3728,4.7119,5.4945,U.S Dollar,US Gallon,2026-08-20
Virginia,VA,Charlottesville,3.8842,4.3382,4.7163,5.5976,U.S Dollar,US Gallon,2026-08-20
Virginia,VA,Fredericksburg,3.8901,4.3148,4.6811,5.6505,U.S Dollar,US Gallon,2026-08-20
Virginia,VA,Harrisonburg,3.7721,4.2095,4.619,5.5659,U.S Dollar,US Gallon,2026-08-20
Virginia,VA,Lynchburg,3.8482,4.3584,4.7401,5.4561,U.S Dollar,US Gallon,2026-08-20
Virginia,VA,Norfolk-Virginia Beach-Newport News,3.9026,4.3692,4.757,5.6534,U.S Dollar,US Gallon,2026-08-20
Virginia,VA,Richmond-Petersburg,3.831,4.3566,4.7232,5.5937,U.S Dollar,US Gallon,2026-08-20
Virginia,VA,Roanoke,3.8143,4.2908,4.7142,5.5058,U.S Dollar,US Gallon,2026-08-20
Virginia,VA,Staunton-Waynesboro,3.7853,4.2523,4.6581,5.5412,U.S Dollar,US Gallon,2026-08-20
Virginia,VA,"Washington, DC, (VA Only)",3.9647,4.4982,4.8525,5.6728,U.S Dollar,US Gallon,2026-08-20
Virginia,VA,Winchester,3.7567,4.1818,4.5637,5.6371,U.S Dollar,US Gallon,2026-08-20
Vermont,VT,Burlington,4.1888,4.7163,5.2139,5.5872,U.S Dollar,US Gallon,2026-08-20
Washington,WA,Bellingham,5.0605,5.396,5.6149,6.0241,U.S Dollar,US Gallon,2026-08-20
Washington,WA,Bremerton,5.2971,5.5259,5.7522,6.319,U.S Dollar,US Gallon,2026-08-20
Washington,WA,Clarkson,4.9765,0.0,4.799,5.679,U.S Dollar,US Gallon,2026-08-20
Washington,WA,Longview,5.0775,5.2994,5.5987,6.1345,U.S Dollar,US Gallon,2026-08-20
Washington,WA,Mount Vernon-Anacortes,5.007,5.2466,5.5057,6.0961,U.S Dollar,US Gallon,2026-08-20
Washington,WA,Olympia,5.1437,5.3328,5.6026,6.2748,U.S Dollar,US Gallon,2026-08-20
Washington,WA,Richland-Kennewick-Pasco,5.1548,5.4231,5.6916,6.2528,U.S Dollar,US Gallon,2026-08-20
Washington,WA,Seattle-Bellevue-Everett,5.3905,5.6253,5.8831,6.3936,U.S Dollar,US Gallon,2026-08-20
Washington,WA,Spokane,5.1067,5.3558,5.6424,6.2476,U.S Dollar,US Gallon,2026-08-20
Washington,WA,Tacoma,5.2332,5.4633,5.7565,6.4034,U.S Dollar,US Gallon,2026-08-20
Washington,WA,Vancouver,5.0881,5.3654,5.5981,6.0375,U.S Dollar,US Gallon,2026-08-20
Washington,WA,Walla Walla,5.2168,5.4615,5.6804,6.3854,U.S Dollar,US Gallon,2026-08-20
Washington,WA,Wenatchee,5.199,5.4525,5.7238,6.3459,U.S Dollar,US Gallon,2026-08-20
Washington,WA,Yakima,5.0769,5.316,5.6157,6.1355,U.S Dollar,US Gallon,2026-08-20
Wisconsin,WI,Appleton,3.9083,4.4858,5.1596,5.289,U.S Dollar,US Gallon,2026-08-20
Wisconsin,WI,Eau Claire,4.0344,4.4312,5.0872,5.3627,U.S Dollar,US Gallon,2026-08-20
Wisconsin,WI,Fond du Lac,3.8858,4.5069,5.1925,5.269,U.S Dollar,US Gallon,2026-08-20
Wisconsin,WI,Green Bay,3.9397,4.556,5.2208,5.2999,U.S Dollar,US Gallon,2026-08-20
Wisconsin,WI,Janesville-Beloit,3.938,4.5114,5.0863,5.2983,U.S Dollar,US Gallon,2026-08-20
Wisconsin,WI,Kenosha County,3.8005,4.4433,4.8672,5.327,U.S Dollar,US Gallon,2026-08-20
Wisconsin,WI,La Crosse (WI only),3.9876,4.174,5.1849,5.379,U.S Dollar,US Gallon,2026-08-20
Wisconsin,WI,Madison,3.939,4.5471,5.1435,5.2222,U.S Dollar,US Gallon,2026-08-20
Wisconsin,WI,Milwaukee-Waukesha,3.8178,4.3855,4.8972,5.2212,U.S Dollar,US Gallon,2026-08-20
Wisconsin,WI,Oshkosh,3.8971,4.5326,5.1517,5.2908,U.S Dollar,US Gallon,2026-08-20
Wisconsin,WI,Pierce -St. Croix County,4.1984,4.5803,5.2098,5.3677,U.S Dollar,US Gallon,2026-08-20
Wisconsin,WI,Racine,3.7822,4.2786,4.8722,5.2888,U.S Dollar,US Gallon,2026-08-20
Wisconsin,WI,Sheboygan,3.8892,4.5702,5.1604,5.318,U.S Dollar,US Gallon,2026-08-20
Wisconsin,WI,Superior,4.193,4.6657,5.344,5.4053,U.S Dollar,US Gallon,2026-08-20
Wisconsin,WI,Wausau,3.9875,4.849,5.3296,5.3648,U.S Dollar,US Gallon,2026-08-20
West Virginia,WV,Beckley,3.8882,4.3263,4.7433,5.3646,U.S Dollar,US Gallon,2026-08-20
West Virginia,WV,Charleston,3.91,4.3462,4.8272,5.3391,U.S Dollar,US Gallon,2026-08-20
West Virginia,WV,Hampshire County,3.8152,4.149,4.649,5.4212,U.S Dollar,US Gallon,2026-08-20
West Virginia,WV,Huntington,3.8594,4.2919,4.7519,5.402,U.S Dollar,US Gallon,2026-08-20
West Virginia,WV,Jefferson County,3.7011,4.1621,4.5612,5.4053,U.S Dollar,US Gallon,2026-08-20
West Virginia,WV,Mineral County,3.7815,4.0057,4.399,5.3204,U.S Dollar,US Gallon,2026-08-20
West Virginia,WV,Morgantown,4.1729,4.6405,5.0829,5.3215,U.S Dollar,US Gallon,2026-08-20
West Virginia,WV,Parkersburg-Marietta (WV only),3.7618,4.2082,4.7082,5.1726,U.S Dollar,US Gallon,2026-08-20
West Virginia,WV,Steubenville-Weirton (WV only),3.8562,4.2868,4.801,5.2119,U.S Dollar,US Gallon,2026-08-20
West Virginia,WV,"Washington, DC (WV Only)",3.6369,4.0765,4.4558,5.3218,U.S Dollar,US Gallon,2026-08-20
West Virginia,WV,Wheeling (WV only),3.8763,4.2973,4.726,5.2505,U.S Dollar,US Gallon,2026-08-20
Wyoming,WY,Casper,4.2581,4.549,4.8379,5.4346,U.S Dollar,US Gallon,2026-08-20
Wyoming,WY,Cheyenne,4.1657,4.4842,4.7723,5.3773,U.S Dollar,US Gallon,2026-08-20
